"917415714830667784","Chrishall4069"
"287123058316161024","ofc13"
"912974704662781952","soilscience"
"537649869570465792","LAWES200"
"894843728178933760","Broadbalk"
"697858492716208128","BBSRC"
"1085569011742576641","Parkgrass"
"862617832886022144","OpenData"
"448405816647749634","Borlaug100"
"697858492716208128","Wheat"
"1121812154175434752","wheat"
"879914783574642688","NeatScience"
"1010190925392437249","soilzone"
"593834741410963456","nitrogen"
"506393642987429889","SGMsoil14"
"1010129419632041985","Broadbalk"
"1010190925392437249","broadbalk"
"1111302277359460353","FridayEve"
"559328775687913472","brumBio142"
"1173995021009375233","gardenclover"
"1147091565116104704","broadbalk"
"1159479603859267584","hoosfield"
"593910343329517568","monogram2015"
"1111302277359460353","FarrBrew"
"998602690128171009","LTErothamsted"
"923146824076099584","scidata17"
"1091651781673676800","Broadbalk"
"862617832886022144","broadbalk"
"881185400072679424","longtermexperiment"
"1090890570703257602","harpenden"
"486581874727600128","Broadbalk"
"519511746957291520","ABIC2014"
"998488197960228864","broadbalk"
"438648733484724224","NFU14"
"1090281033235353600","broadbalk"
"1058460343192707075","Broadbalk"
"1169248883752558592","agriculture"
"1173995021009375233","Woburnleyarable"
"438665643966353409","NFU14"
"925042908386025472","Broadbalk"
"629195305762824192","farming"
"949305146017812480","BackToTheFuture"
"940891485737750528","Broadbalk"
"874192078372306945","weedscience"
"1085569011742576641","Broadbalk"
"894843728178933760","parkgrass"
"1058460343192707075","Rothampsted"
"1173995021009375233","ParkGrass"
"959117099187744768","Broadbalk"
"1173995021009375233","Hoosfield"
"963787906874736640","lovedata18"
"1043515108138385408","Earthworms"
"1042043396540575744","earthworms"
"976426252725817345","wormscience"
"1100108444428890114","VocÃªSabia"
"1087369114048520192","metadata"
"1159479603859267584","broadbalk"
"1090890570703257602","harpendenweather"
"925042908386025472","scidata17"
"772751715724656640","ParkGrass"
"1007294258737569792","RothamstedFestival"
"1007220869582684160","cereals18"
"874192078372306945","fieldwork"
"1156567904479059969","hoosfield"
"722696712746332164","wheat"
"1111302277359460353","BroadbalkBitter"
"1080855501053796352","Broadbalk"
"1007359101398110209","parkgrass"
"856785114356998149","broadbalk"
"729411319099756544","drone"
"1111302277359460353","Broadbalk"
"923145786719862785","scidata17"
"1109920712603648000","Broadbalk"
"998564396740771840","broadbalk"
"357106136492683268","cropprotection"
"745607307954786304","cstour"
"1110244009912532995","ClassicalExperiments"
"1173995021009375233","alternatewheatandfallow"
"16267748375","Broadbalk"
"206690957586993152","geeksinthepark"
"827522750411587584","broadbalk"
"956234949937520640","imageoftheday"
"697858492716208128","WinterAtRothamsted"
"1014129246934126593","broadbalk"
"1169248883752558592","AgBalance"
"912974704662781952","ploughing"
"1043515108138385408","earthworm"
"616743121766981632","TBT"
"1006856715445383173","Broadbalk"
"15027796149","hipstamatic"
"1090890570703257602","Rothamsted"
"1152094430880567296","Brexittour"
"438665643966353409","brumbio389"
"1085147878119653378","broadbalk"
"1111302277359460353","FridayVibes"
"578211074488557568","Rothamsted"
"1007294258737569792","broadbalk"
"923147859679203335","Broadbalk"
"1152094430880567296","resistance"
"772751715724656640","Broadbalk"
"1173995021009375233","Broadbalk"
"629195305762824192","heritage"
"1080855501053796352","ofc19"
"619251691532251136","Broadbalk"
"537218736068243456","Rothamsted"
"1156567904479059969","parkgrass"
"1152094430880567296","broadbalk"
"905086154323750912","SOM2017"
"1010127385361113088","Broadbalk"
"881185400072679424","broadbalk"
"1010605610675695616","soilzone"
"1042336909740138496","earthworm"
"619251691532251136","SoilFertility"
"524500761833902080","Rothamsted"
"1042365429887512583","wormscience"
"1087369114048520192","broadbalk"
"1111302277359460353","RothamstedBitter"
"870228847047958528","earthworms"
"912974704662781952","earthworms"
"1012657122151141381","broadbalk"
"856785114356998149","soilscienceisawesome"
"593392865184772096","Monogram2015"
"1040303976158294022","LucaOnTour"
"1159479603859267584","phosphorous"
"996665156871520257","broadbalk"
"697858492716208128","NationalCapability"
"1059812112300679169","broadbalk"
"861982229756510209","Broadbalk"
"925019496796033025","scidata17"
"287122995363864576","ofc2013"
"998599305735876608","LTErothamsted"
"593910343329517568","impressive"
"486580759797702656","Broadbalk"
"714887077024907264","UKscience"
"672147043788304384","growcanada15"
"1111302277359460353","Rothamsted"
"1169248883752558592","sustainability"
"1006820290112958464","blackgrass"
"600275167269490688","Broadbalk"
"969570464938029057","Broadbalk"
"598910979649499136","SoilisLife"
"1111302277359460353","Beer"
"506390698007216128","SGMsoil14"
"998488197960228864","LTErothamsted"
"1169248883752558592","lcm2019"
"870228847047958528","Broadbalk"
"729411319099756544","agriculture"
"1169248883752558592","sustainable"
"1129048632945258496","facetimeafarmer"
"1085146599322472448","broadbalk"
"998602690128171009","AgBalance"
"206690957586993152","dontdestroyresearch"
"537649052968431616","LAWES200"
"992314339494264833","Broadbalk"
"1072156981451022336","Broadbalk"
"1159479603859267584","barnfield"
"1173995021009375233","longtermliming"
"1012657122151141381","longtermexperiment"
"794154157078876160","amazing"
"861984664805941248","broadbalk"
"1159479603859267584","agdell"
"629195305762824192","Herts"
"438665643966353409","BrumBio142"
"1016651367140732928","IBC2018BCN"
"913328907918745600","Broadbalk"
"1007359101398110209","broadbalk"
"998599305735876608","AgBalance"
"1156567904479059969","broadbalk"
"1080980966355726336","Broadbalk"
"794154157078876160","soil"
"697858492716208128","Broadbalk"
"794154157078876160","broadbalk"
"1082936737935048709","loveworkinghere"
"1021377130964414465","Broadbalk"
"1121812154175434752","soil"
"949305146017812480","Broadbalk"
"827522750411587584","plotmech2017"
"714887077024907264","Broadbalk"
"593834741410963456","monogram2015"
"999220131552165888","broadbalk"
"571286267465474048","IYS2015"
"714887077024907264","environment"
"1121812154175434752","sun"
"1042716586145185793","Broadbalk"
"1090890570703257602","broadbalk"
"856785114356998149","sky"
"1011619739402194946","Broadbalk"
"772751715724656640","AnalyticalChemistryUnit"
"287122995363864576","ofc13"
